words,links,capital_words,spam_word_count,is_spam
79,2,3,6,0
156,2,2,1,0
116,5,24,10,1
443,1,28,6,1
547,1,14,3,1
811,10,10,8,1
966,10,20,10,1
195,10,25,3,1
119,1,0,3,0
33,2,2,2,0
213,2,8,1,0
191,6,19,8,1
270,0,1,1,0
144,2,3,1,0
270,2,2,4,0
653,9,30,9,1
158,2,21,1,1
188,6,19,7,1
115,0,3,0,0
784,2,5,10,1
349,8,7,2,1
156,1,1,1,0
371,3,8,6,0
262,2,3,2,0
278,0,1,4,0
284,2,3,1,0
67,0,6,5,0
731,3,13,7,1
188,3,5,4,1
459,2,0,1,0
157,2,13,5,1
163,0,7,1,0
344,8,14,4,1
134,5,1,0,0
281,2,11,6,1
493,4,30,2,1
79,0,3,2,0
195,4,3,8,1
158,2,8,3,1
955,8,30,7,1
250,9,4,2,1
159,0,23,0,1
456,0,5,1,0
835,8,6,8,1
265,2,6,6,0
944,7,0,4,1
255,1,2,0,0
174,1,0,4,1
435,9,6,5,1
202,3,8,6,1
338,2,1,2,0
62,2,10,1,0
266,0,0,3,0
327,7,0,9,1
190,1,1,1,0
640,2,29,7,1
749,4,1,10,1
172,2,0,4,1
218,1,3,3,0
809,2,5,6,1
351,10,7,4,1
565,7,20,1,1
106,8,3,6,1
174,0,4,2,0
99,0,0,2,0
527,4,20,9,1
239,1,3,6,0
151,9,23,6,1
21,2,3,1,0
666,3,20,4,1
314,0,8,5,1
250,2,3,1,0
388,3,21,9,1
885,3,14,5,1
333,1,5,10,1
464,2,3,1,1
908,3,10,5,1
199,2,8,2,0
744,10,3,7,1
95,1,3,1,0
148,0,1,6,0
954,9,8,6,1
180,0,25,10,1
59,4,1,2,0
67,8,23,7,1
151,1,0,6,0
884,9,30,10,1
595,0,27,6,1
440,3,25,0,1
809,3,5,10,1
646,4,5,7,1
71,5,2,1,0
909,9,12,7,1
249,0,2,4,0
895,2,23,2,1
183,5,23,0,1
59,1,3,2,0
212,0,3,3,0
639,2,2,5,1
427,3,16,6,1
594,6,19,3,1
140,2,20,3,1
54,1,3,3,0
151,1,2,6,0
124,0,28,7,1
192,3,16,3,1
592,7,3,3,1
737,2,22,1,1
242,0,5,1,0
660,6,4,7,1
192,9,13,8,1
772,4,14,2,1
195,2,1,1,0
735,5,20,5,1
593,5,3,10,1
194,3,19,3,1
184,1,2,0,0
225,2,8,2,0
465,6,12,6,1
169,8,25,9,1
610,7,4,5,1
307,4,26,10,1
168,3,21,3,1
312,3,3,2,0
116,10,5,0,1
119,2,3,1,0
749,2,0,4,1
33,2,0,5,0
159,5,0,2,0
95,2,3,0,0
116,2,3,1,0
224,4,26,2,1
93,9,22,1,1
716,4,9,8,1
253,2,1,1,0
281,0,30,4,1
259,3,3,3,0
288,3,6,1,0
350,6,3,5,1
412,6,6,4,1
59,0,2,1,0
77,5,27,6,1
431,6,15,9,1
161,0,2,0,0
245,0,0,0,0
124,0,4,3,0
614,9,21,4,1
250,10,0,4,1
142,0,0,2,0
251,1,0,0,0
549,3,22,5,1
121,5,3,0,0
194,0,3,1,0
897,9,23,10,1
39,1,0,0,0
43,0,5,1,0
638,5,22,3,1
342,1,2,0,0
154,2,23,9,1
473,10,11,4,1
223,0,0,0,0
121,3,3,5,1
124,4,1,5,1
374,10,30,5,1
411,2,3,2,0
100,2,10,2,1
231,0,1,2,0
454,0,0,0,0
784,9,6,3,1
282,2,1,0,0
150,0,10,0,0
116,3,30,3,1
112,3,12,3,1
744,2,23,0,1
481,10,22,6,1
473,1,0,1,0
694,5,11,1,1
318,2,19,10,1
107,6,24,0,1
149,2,0,1,0
364,3,23,6,1
507,3,3,10,1
951,8,8,6,1
101,3,0,1,1
105,1,2,0,0
232,2,4,2,0
150,4,16,0,1
483,0,15,7,1
82,5,21,0,1
332,7,5,6,1
710,9,14,0,1
810,4,15,5,1
427,2,2,1,0
241,0,0,3,0
280,1,0,1,0
299,0,2,0,0
256,2,3,2,0
242,2,2,1,0
161,4,4,1,1
957,1,10,3,1
837,5,2,6,1
237,1,1,1,0
446,1,0,2,0
830,9,23,10,1
560,3,22,9,1
39,0,0,2,0
549,1,18,7,1
127,6,28,10,1
337,9,25,4,1
197,0,3,0,0
40,1,5,0,0
208,2,8,1,0
275,0,1,0,0
908,5,4,8,1
244,2,0,6,0
187,0,2,2,0
662,4,13,8,1
732,2,13,3,1
290,3,2,2,0
273,1,1,2,0
62,1,18,2,1
143,4,5,4,1
146,3,11,4,1
107,2,0,2,0
815,2,13,7,1
278,0,2,1,0
296,10,0,10,1
245,0,1,2,0
113,2,1,1,0
127,1,1,1,0
239,2,1,4,0
122,2,2,2,0
178,2,0,2,0
106,0,2,1,0
142,8,16,1,1
254,0,3,1,0
872,7,11,7,1
183,2,2,5,0
162,2,3,1,0
469,7,2,10,1
291,0,3,0,0
188,7,10,7,1
279,9,14,3,1
99,2,2,2,0
156,3,3,0,0
511,3,26,5,1
160,2,2,2,0
367,3,2,2,0
493,9,6,9,1
174,4,14,8,1
227,2,4,1,0
158,10,26,4,1
90,4,27,10,1
491,3,3,1,0
573,2,27,5,1
665,3,4,10,1
35,2,3,0,0
401,0,3,2,0
440,4,4,2,0
837,7,26,3,1
108,0,0,9,1
117,2,3,4,0
873,0,17,8,1
678,9,16,3,1
292,2,0,1,0
55,3,2,10,1
58,1,3,1,0
677,7,28,7,1
290,1,7,1,0
111,2,0,2,0
296,2,1,2,0
254,4,4,8,1
232,2,30,6,1
628,2,15,4,1
389,2,18,5,1
129,1,8,2,0
237,3,1,0,0
175,1,1,0,0
207,4,3,0,0
985,3,10,3,1
278,2,3,1,0
208,0,0,1,0
63,1,0,2,0
389,1,27,2,1
71,2,2,1,0
435,0,1,2,0
704,2,9,10,1
623,4,25,3,1
155,1,1,0,0
706,1,6,4,1
712,7,23,10,1
258,2,1,4,1
119,0,3,1,0
793,3,20,3,1
369,0,3,2,0
559,4,19,4,1
138,9,5,9,1
381,4,6,2,0
162,0,3,1,0
743,6,7,0,1
73,4,3,0,0
65,0,4,2,0
140,0,2,1,0
745,2,10,8,1
168,9,22,0,1
56,0,8,1,0
22,2,2,2,0
301,10,30,3,1
210,2,6,3,1
489,6,15,6,1
454,2,3,5,0
887,10,16,3,1
465,4,12,4,1
263,1,0,2,0
388,7,1,8,1
289,0,2,3,0
736,5,29,9,1
198,2,0,0,0
110,4,29,8,1
171,1,7,0,0
247,1,3,0,0
198,6,19,1,1
217,0,3,0,0
229,5,10,0,0
684,0,19,2,1
620,6,8,0,1
106,2,0,6,0
782,1,14,5,1
198,3,19,4,1
130,8,10,3,1
289,0,1,1,0
184,0,18,5,1
316,2,13,8,1
47,5,0,0,0
429,2,2,1,0
196,7,19,1,1
343,0,30,10,1
70,2,0,1,0
117,2,29,9,1
81,2,1,2,0
197,2,3,5,0
130,0,1,2,0
300,4,18,6,1
732,4,11,1,1
208,2,0,0,0
191,0,3,2,0
445,2,3,2,0
197,5,0,5,0
213,1,0,0,0
142,0,0,2,0
268,0,0,0,0
151,3,26,10,1
757,8,0,6,1
97,10,6,7,1
198,2,9,2,0
100,3,21,1,1
148,2,1,1,0
217,8,0,10,1
200,2,6,0,0
318,9,12,0,1
97,2,2,0,0
194,2,2,4,0
151,10,8,1,1
88,1,5,1,0
203,0,10,2,0
514,5,7,10,1
274,0,0,1,0
600,5,24,8,1
825,3,22,10,1
133,0,2,0,0
529,5,9,7,1
220,1,3,0,0
109,1,2,2,0
298,3,1,2,0
376,2,26,7,1
364,0,1,0,0
81,10,24,4,1
285,1,2,1,0
187,2,0,2,0
201,2,16,8,1
111,0,3,3,0
474,8,23,6,1
409,5,16,2,1
222,1,2,0,0
415,3,19,9,1
156,1,0,2,0
214,0,3,1,0
363,0,2,0,0
818,4,7,5,1
245,1,3,1,0
228,1,1,1,0
98,2,2,0,0
252,2,1,1,0
132,3,9,9,1
391,2,2,6,0
176,5,4,4,1
28,1,2,0,0
204,1,0,6,0
78,5,19,3,1
92,3,17,5,1
44,0,0,6,0
289,2,3,0,0
193,2,0,8,1
191,6,10,9,1
165,0,3,1,0
78,2,0,2,0
152,3,20,2,1
715,8,14,7,1
687,3,13,1,1
51,2,4,2,0
363,2,0,0,0
154,4,28,7,1
71,2,0,2,0
402,3,4,10,1
246,9,19,3,1
56,2,2,1,0
322,9,22,9,1
679,3,16,5,1
56,0,2,1,0
209,0,2,1,0
121,1,2,3,0
148,2,3,2,0
585,9,9,0,1
235,0,1,3,0
166,1,2,4,0
99,4,2,0,0
150,5,1,7,1
112,7,6,5,1
183,6,22,6,1
74,1,1,1,0
791,3,22,7,1
250,4,19,5,1
558,3,5,0,1
57,1,2,0,0
688,7,29,3,1
300,0,1,1,0
202,0,3,2,0
665,7,29,10,1
98,2,0,2,0
962,10,24,3,1
125,3,26,2,1
294,0,1,2,0
280,0,7,0,0
283,4,2,2,0
733,7,9,9,1
85,2,0,2,0
757,9,30,3,1
598,9,20,6,1
128,1,3,0,0
94,1,2,2,0
174,1,28,6,1
720,7,8,10,1
281,1,2,1,0
81,0,0,1,0
282,1,0,0,0
196,0,1,0,0
265,2,1,0,0
181,0,2,2,0
50,2,23,7,1
64,3,27,3,1
114,10,28,9,1
177,2,3,1,0
136,2,0,5,0
828,8,12,4,1
258,2,2,4,0
132,2,2,6,0
960,9,19,8,1
406,0,1,0,0
866,7,5,8,1
714,10,19,3,1
87,1,3,1,0
844,10,8,1,1
228,1,3,2,0
41,2,0,2,0
224,1,0,2,0
88,4,2,2,0
247,8,8,8,1
274,1,1,0,0
610,1,8,7,1
157,0,5,4,0
477,2,29,3,1
231,4,3,2,0
164,1,2,5,0
127,2,26,7,1
421,2,3,0,0
754,2,12,5,1
400,0,10,0,0
762,2,25,2,1
696,4,3,3,1
357,1,3,1,0
116,1,5,0,0
226,3,5,5,1
622,9,22,7,1
997,2,17,4,1
127,5,23,10,1
275,8,1,6,1
174,1,4,2,0
102,2,5,10,1
289,0,14,6,1
297,9,14,3,1
66,0,1,2,0
208,1,2,2,0
592,9,26,6,1
26,0,0,0,0
652,10,12,6,1
138,7,28,4,1
169,0,2,1,0
91,1,9,5,0
429,4,21,9,1
656,7,29,5,1
289,9,4,10,1
186,0,2,1,0
415,6,29,6,1
240,5,19,9,1
264,1,4,1,0
109,1,1,0,0
257,0,2,0,0
159,2,9,2,0
134,2,3,2,0
45,2,0,1,0
248,0,12,6,1
152,2,1,6,0
255,4,1,4,0
705,9,23,9,1
168,2,7,2,0
300,5,3,6,1
51,1,2,0,0
192,10,23,6,1
379,0,1,0,0
960,1,5,3,1
204,2,3,0,0
906,7,6,1,1
953,8,14,3,1
172,2,1,1,0
256,2,3,1,0
206,1,0,1,0
21,0,0,5,0
100,5,3,2,0
164,9,25,6,1
300,10,30,7,1
750,2,13,6,1
355,1,15,5,1
87,1,28,7,1
142,9,24,10,1
935,8,12,5,1
146,0,2,0,0
432,9,14,3,1
168,5,5,3,1
129,2,21,7,1
113,3,3,1,0
170,8,23,4,1
869,5,5,3,1
212,10,6,3,1
265,3,3,2,0
997,4,30,3,1
375,1,6,1,0
204,2,0,2,0
297,2,0,2,0
145,1,2,0,0
220,0,2,2,0
60,1,3,0,0
531,3,17,7,1
127,2,15,7,1
247,0,0,0,0
259,4,0,1,0
179,5,7,8,1
86,5,27,8,1
686,8,14,10,1
993,5,18,5,1
307,7,7,3,1
744,7,17,0,1
239,2,0,0,0
172,4,18,7,1
814,7,7,7,1
706,7,27,7,1
351,1,0,0,0
203,7,28,3,1
155,2,8,1,0
489,2,26,8,1
330,1,3,3,1
580,3,26,3,1
237,0,6,0,0
35,2,3,2,0
245,4,16,0,1
299,1,2,0,0
130,1,3,2,0
160,1,1,2,0
292,1,3,1,0
646,4,25,9,1
193,2,1,1,1
125,2,6,0,0
383,4,15,5,1
59,5,3,1,0
64,5,9,2,1
720,5,12,2,1
422,2,1,0,0
909,8,13,7,1
174,7,12,10,1
475,5,8,3,1
359,0,1,6,1
137,2,0,0,0
62,0,3,3,0
76,0,7,6,0
85,5,1,1,0
216,2,0,0,0
173,2,1,5,0
37,1,2,2,0
89,5,15,9,1
158,6,20,10,1
137,7,3,1,1
185,5,3,2,0
96,2,0,0,0
110,1,2,5,0
115,6,4,3,1
56,2,3,0,0
65,1,5,2,0
820,3,20,6,1
388,5,17,5,1
136,6,18,4,1
188,0,0,2,0
292,0,4,0,0
404,1,2,6,0
568,4,17,10,1
114,0,0,3,0
57,5,16,6,1
214,1,2,1,0
811,8,27,10,1
257,1,10,1,0
992,2,7,1,1
344,9,1,1,1
387,0,2,0,0
776,3,30,3,1
187,4,9,5,1
943,10,7,7,1
55,2,10,5,0
897,7,4,10,1
146,0,2,1,0
123,2,6,1,0
164,2,0,0,0
82,3,17,6,1
246,2,2,0,0
25,5,2,1,0
160,1,3,0,0
164,1,3,1,0
706,6,7,4,1
270,2,3,0,0
473,1,0,2,0
29,0,1,2,0
21,0,1,1,0
969,4,26,6,1
161,1,3,1,0
217,1,1,2,0
105,2,8,0,0
80,0,2,2,0
237,2,3,6,0
80,3,13,6,1
31,1,0,0,0
130,1,2,5,0
284,1,3,0,0
277,1,1,0,0
797,8,20,6,1
26,1,3,0,0
259,1,0,2,0
82,6,22,1,1
121,0,27,4,1
270,1,2,0,0
125,0,0,0,0
243,2,1,2,0
292,2,3,0,0
155,2,25,8,1
106,3,3,1,0
100,3,27,10,1
156,1,3,2,0
281,2,4,6,1
250,2,3,6,0
542,2,12,3,1
202,1,1,2,0
432,0,2,0,0
805,10,3,1,1
116,1,3,0,0
316,8,22,4,1
150,2,10,1,0
67,5,2,2,0
237,6,0,5,1
523,2,12,4,1
151,1,0,1,0
65,7,15,6,1
118,0,1,5,1
23,0,1,5,0
345,2,1,1,0
103,8,6,10,1
248,2,1,2,0
128,2,8,3,1
91,5,4,4,1
226,0,25,8,1
148,2,7,1,0
26,0,6,3,0
897,4,8,3,1
106,1,0,0,0
70,7,1,8,1
114,8,6,9,1
260,1,0,2,0
597,7,16,3,1
132,0,0,1,0
390,7,26,5,1
145,2,3,0,0
710,8,12,9,1
41,0,3,2,0
609,6,5,2,1
613,8,15,4,1
103,2,25,7,1
133,1,5,0,0
454,2,0,5,0
875,3,30,8,1
165,1,3,2,0
501,2,9,8,1
28,1,2,2,0
192,1,3,0,0
849,1,10,0,1
246,4,1,0,0
126,1,2,1,0
78,8,17,2,1
558,6,24,5,1
64,0,0,2,0
197,0,1,2,0
194,2,0,5,0
456,5,13,2,1
157,8,0,10,1
230,0,2,5,0
211,5,3,1,0
328,10,1,4,1
180,10,23,6,1
296,1,0,1,0
186,6,12,4,1
51,1,1,0,0
160,9,0,3,1
322,5,2,1,0
156,2,3,2,0
560,5,0,4,1
792,6,28,7,1
379,1,0,0,0
238,2,2,5,0
174,4,0,1,0
694,5,24,4,1
101,9,16,3,1
399,5,23,5,1
151,0,0,2,0
528,4,17,7,1
858,8,8,4,1
262,5,6,0,1
71,2,8,2,0
294,4,15,9,1
48,3,2,0,0
905,4,5,8,1
289,0,0,0,0
21,2,3,0,0
56,3,1,5,1
242,2,3,5,0
710,0,26,4,1
166,2,0,1,0
333,2,0,2,0
271,1,0,2,0
195,1,0,0,0
95,1,3,1,0
299,2,6,7,1
277,3,0,1,0
27,2,2,0,0
88,7,24,7,1
134,2,1,2,0
438,8,26,8,1
286,3,2,2,0
521,4,14,8,1
190,4,5,3,1
191,2,1,4,1
738,3,2,8,1
266,1,3,2,0
515,7,29,2,1
721,3,27,3,1
661,7,14,7,1
109,1,5,2,0
117,7,9,10,1
910,1,7,4,1
297,4,21,7,1
797,9,9,6,1
825,5,5,0,1
136,0,6,2,0
888,7,9,8,1
164,3,0,2,0
165,1,1,2,0
198,4,27,10,1
197,10,21,8,1
143,6,20,3,1
124,2,0,2,0
703,9,27,3,1
757,9,12,7,1
317,5,8,4,1
230,0,3,2,0
194,1,4,5,0
298,0,2,0,0
141,1,10,0,0
236,2,1,2,0
97,4,15,10,1
992,1,18,1,1
484,9,7,10,1
581,0,13,6,1
220,1,2,2,0
182,2,26,10,1
194,10,27,5,1
243,2,2,2,0
131,1,0,1,0
334,3,27,6,1
109,2,1,2,0
222,2,0,0,0
169,0,8,6,0
78,0,1,2,0
182,1,0,0,0
612,0,22,3,1
275,1,1,6,0
153,2,10,5,0
368,1,4,1,0
279,2,2,5,0
231,1,3,4,0
812,7,11,6,1
100,7,20,5,1
134,2,16,2,1
279,6,10,7,1
69,7,27,6,1
499,4,0,1,1
291,1,2,4,0
133,0,1,0,0
231,4,0,1,0
205,1,1,1,0
68,8,2,8,1
227,1,0,4,0
64,1,2,2,0
211,1,2,0,0
167,0,2,1,0
221,0,2,1,0
825,6,21,8,1
94,0,0,0,0
808,6,14,3,1
376,0,7,5,1
508,5,24,8,1
536,9,5,10,1
216,10,24,3,1
352,5,23,4,1
179,2,29,6,1
470,1,3,1,0
459,1,0,2,0
802,10,30,8,1
55,4,10,10,1
681,7,22,1,1
22,2,0,2,0
116,2,24,1,1
270,2,3,1,0
41,0,1,2,0
588,7,12,4,1
283,0,2,0,0
750,7,4,10,1
218,2,5,0,0
238,1,6,2,0
184,0,1,3,0
292,0,1,0,0
64,9,24,2,1
195,0,7,1,0
918,6,1,5,1
88,1,25,10,1
769,10,3,5,1
39,0,0,0,0
232,0,3,1,0
283,0,2,2,0
137,4,3,0,0
336,3,27,0,1
243,1,5,2,0
42,1,2,2,0
184,3,2,2,0
52,10,2,2,1
179,2,10,0,0
149,6,5,0,1
22,5,1,0,0
78,1,1,2,0
49,2,3,2,0
245,2,2,2,0
195,1,2,2,0
299,0,8,0,0
179,9,29,3,1
233,1,2,0,0
45,2,3,4,0
928,6,10,9,1
517,6,6,7,1
853,2,25,1,1
207,0,3,1,0
839,6,0,8,1
62,2,2,0,0
688,8,6,1,1
578,9,21,10,1
170,5,21,6,1
182,2,0,2,0
374,4,10,9,1
184,2,0,0,0
206,5,3,1,0
213,1,3,0,0
268,2,1,1,0
223,1,6,3,0
553,1,6,3,1
613,2,13,5,1
137,0,3,1,0
78,2,3,2,0
130,3,3,1,0
444,7,15,7,1
501,7,7,5,1
184,2,3,1,0
314,0,2,0,0
869,10,8,3,1
95,5,1,0,0
84,2,2,2,0
192,1,9,2,0
162,0,0,0,0
217,2,3,2,0
274,2,2,2,0
208,1,2,0,0
340,0,2,2,0
242,1,2,1,0
269,0,1,0,0
114,8,0,3,1
875,2,21,7,1
691,3,26,3,1
379,0,3,2,0
386,10,26,2,1
118,5,30,7,1
243,2,0,0,0
148,1,0,2,0
256,1,1,2,0
944,10,15,6,1
199,10,15,4,1
118,7,24,7,1
363,1,1,2,0
657,5,28,3,1
31,2,2,0,0
150,0,3,2,0
989,10,6,2,1
773,7,1,4,1
328,10,30,10,1
170,2,2,2,0
38,0,0,2,0
142,4,0,0,0
545,5,23,10,1
315,3,21,3,1
255,1,0,1,0
210,0,1,1,0
689,10,21,1,1
176,3,12,3,1
26,3,2,5,0
438,3,1,3,1
736,2,25,5,1
265,2,1,2,0
220,2,0,2,0
714,3,28,6,1
47,1,1,0,0
182,4,17,0,1
247,0,1,4,0
158,0,11,6,1
244,2,1,1,0
283,2,3,1,0
715,9,28,5,1
874,6,25,4,1
807,7,22,4,1
45,2,1,5,0
179,2,3,0,0
96,0,1,6,0
199,4,24,8,1
451,10,30,6,1
289,3,3,3,0
393,10,5,4,1
290,0,9,3,0
200,3,2,0,0
147,5,0,2,0
223,7,21,3,1
87,2,2,1,0
879,8,19,6,1
207,0,9,1,0
118,9,13,10,1
218,3,12,10,1
808,5,4,4,1
158,3,0,1,0
125,1,0,2,0
538,2,16,0,1
882,7,21,3,1
827,0,26,2,1
645,6,3,8,1
978,6,3,3,1
269,2,3,2,0
63,0,17,4,1
161,4,22,3,1
32,2,1,4,0
313,1,2,1,0
738,4,28,7,1
197,2,10,4,1
775,5,12,2,1
32,0,4,2,0
100,1,0,1,0
173,9,11,1,1
167,9,9,4,1
990,3,24,7,1
274,2,0,1,0
679,8,7,10,1
72,1,1,2,0
526,8,23,9,1
136,9,10,3,1
87,0,0,1,0
39,1,2,0,0
140,1,5,4,0
799,2,5,8,1
75,3,7,6,1
241,0,9,4,0
254,8,5,5,1
589,8,20,6,1
956,9,10,10,1
328,1,2,1,0
162,3,3,5,0
405,7,17,8,1
201,2,9,2,0
155,2,17,5,1
372,9,21,5,1
149,2,8,0,0
160,2,2,0,0
117,2,0,2,0
69,0,2,2,0
148,3,0,1,0
243,2,0,1,0
30,2,1,0,0
292,1,3,0,0
346,1,4,5,0
906,2,2,2,1
174,4,7,2,0
101,1,0,0,0
417,4,4,8,1
93,1,5,2,0
127,9,2,7,1
274,4,23,4,1
272,0,3,0,0
502,2,4,5,1
513,4,4,1,1
174,1,3,2,0
126,0,13,10,1
789,10,8,9,1
146,4,0,6,0
381,3,24,3,1
131,5,10,2,1
361,9,25,9,1
313,1,10,2,0
83,1,2,1,0
862,3,2,4,1
396,5,7,9,1
130,2,3,0,0
210,3,2,2,0
421,10,9,3,1
573,5,27,4,1
32,4,3,2,0
204,2,1,2,0
127,0,0,2,0
297,0,2,2,0
868,9,14,5,1
629,4,8,3,1
975,5,27,5,1
277,2,1,1,0
738,7,22,8,1
43,0,1,1,0
209,3,0,0,0
394,8,1,3,1
264,0,0,2,0
266,3,15,6,1
107,0,1,2,0
761,5,29,7,1
54,7,14,4,1
287,1,3,1,0
200,4,0,2,0
888,8,5,6,1
983,3,14,5,1
182,2,9,10,1
616,4,30,5,1
121,8,10,8,1
263,2,1,1,0
142,5,4,2,1
168,3,6,0,1
204,2,3,0,0
686,5,23,9,1
134,9,2,8,1
300,1,3,0,0
219,0,0,2,0
310,9,16,1,1
923,4,22,6,1
127,2,30,4,1
495,0,2,6,0
73,1,3,1,0
148,8,4,8,1
128,2,2,2,0
199,7,5,4,1
663,8,21,6,1
129,9,5,3,1
92,1,0,1,0
104,1,3,1,0
77,3,3,2,0
257,1,8,0,0
364,1,1,1,0
156,3,11,6,1
784,4,27,3,1
475,4,15,8,1
272,2,3,0,0
497,1,8,1,0
299,1,8,2,0
56,10,7,4,1
114,4,2,1,0
208,0,3,3,0
58,3,1,10,1
311,1,8,5,1
76,1,15,4,1
262,1,0,0,0
927,8,9,9,1
298,2,2,3,0
284,0,3,6,0
141,6,1,0,1
962,2,19,8,1
211,1,2,4,0
122,0,8,1,1
123,7,3,3,1
48,1,0,0,0
185,1,0,7,1
42,2,3,2,0
159,0,2,1,0
200,1,5,1,0
371,4,7,6,1
754,6,17,9,1
696,7,30,3,1
791,8,19,8,1
759,2,1,2,1
119,0,3,1,0
100,3,11,8,1
21,0,2,1,0
107,10,11,1,1
803,10,1,8,1
56,3,1,2,0
231,1,20,5,1
350,9,7,1,1
421,7,17,5,1
496,4,4,0,1
975,8,20,5,1
371,0,1,3,1
251,3,4,2,0
181,2,12,2,1
465,2,3,2,0
832,8,2,10,1
143,9,27,4,1
533,4,5,5,1
98,2,0,3,0
162,4,2,5,0
153,2,3,1,0
242,1,0,0,0
233,1,0,1,0
177,1,1,2,0
788,7,25,10,1
82,3,1,10,1
209,3,3,3,0
121,10,19,0,1
908,2,27,9,1
434,4,8,7,1
57,2,0,5,0
96,1,10,1,0
275,0,1,3,0
248,2,1,1,0
135,0,3,0,1
162,9,4,10,1
343,5,5,0,0
221,1,0,0,0
93,0,3,2,0
217,2,1,1,0
125,1,0,0,0
247,0,1,2,0
353,2,7,5,1
62,1,1,2,0
651,9,11,10,1
324,8,19,10,1
353,2,4,2,0
124,1,1,2,0
472,9,20,1,1
175,5,6,9,1
134,8,21,1,1
475,2,1,1,0
78,6,21,3,1
244,3,1,2,0
228,1,2,2,0
635,2,9,6,1
207,2,2,2,0
865,4,1,10,1
788,1,29,5,1
367,2,2,1,0
162,5,5,9,1
513,5,21,8,1
290,4,0,0,0
823,5,9,9,1
287,5,14,10,1
275,1,2,2,0
448,2,11,0,1
593,8,15,3,1
912,10,5,0,1
238,3,11,9,1
188,9,12,6,1
458,1,3,9,1
134,2,22,9,1
62,1,5,1,0
253,0,3,1,0
244,5,7,3,1
80,9,8,8,1
172,2,11,10,1
151,4,0,6,1
195,5,23,2,1
274,0,3,1,0
137,2,2,2,0
60,1,7,3,0
63,2,3,2,0
758,10,26,0,1
471,6,5,5,1
213,0,0,4,0
99,10,8,7,1
260,8,5,4,1
161,3,9,3,1
82,2,3,2,0
725,8,3,9,1
253,2,0,1,0
35,2,0,2,0
217,0,1,1,0
170,0,3,1,0
178,1,1,1,0
68,1,3,0,0
237,1,3,2,0
22,0,3,3,0
142,5,4,10,1
52,2,2,2,0
244,0,0,0,0
606,10,17,7,1
202,1,3,0,0
160,0,3,2,0
490,1,2,6,0
139,8,2,0,1
677,4,25,3,1
200,0,6,10,1
169,0,4,1,0
765,4,6,10,1
858,7,20,1,1
400,10,27,10,1
141,0,1,1,0
201,1,0,2,0
149,1,0,1,0
855,4,3,10,1
235,1,3,2,0
227,3,1,1,0
145,0,0,1,0
502,10,27,6,1
336,0,22,3,1
765,6,9,7,1
163,1,0,1,0
314,5,15,7,1
82,3,26,9,1
73,5,0,3,1
189,4,8,9,1
143,0,4,0,0
560,3,23,9,1
236,1,0,2,0
456,7,24,9,1
174,0,24,4,1
339,5,19,9,1
938,2,6,9,1
308,4,1,1,1
163,1,1,3,0
372,8,6,9,1
269,3,0,1,0
115,1,2,0,0
944,2,7,10,1
188,1,3,2,0
126,2,0,2,0
283,3,11,9,1
254,1,2,2,0
312,2,2,2,0
731,4,12,10,1
314,9,7,4,1
157,3,15,3,1
283,2,0,3,0
247,2,4,5,0
748,10,17,1,1
282,4,26,6,1
45,0,1,2,0
402,2,3,2,0
156,8,24,2,1
295,2,1,3,0
80,3,1,6,0
197,3,3,2,0
184,2,4,1,0
49,0,2,4,0
275,0,0,3,0
547,3,2,3,1
438,7,5,6,1
143,8,30,6,1
324,5,25,8,1
51,2,6,3,1
221,1,2,0,0
118,1,1,2,0
794,2,6,9,1
731,0,21,3,1
611,4,21,5,1
156,2,2,5,0
640,4,2,0,1
60,1,0,0,0
665,9,15,8,1
35,0,1,0,0
893,9,6,10,1
671,6,18,0,1
737,2,4,7,1
59,1,0,1,0
245,4,8,1,0
295,0,3,1,0
240,1,1,1,0
243,4,14,3,1
750,8,5,10,1
938,5,30,7,1
220,2,1,1,0
271,1,3,6,0
862,3,5,5,1
816,9,12,5,1
126,3,21,9,1
252,0,2,4,0
165,1,1,1,0
244,6,6,3,1
134,1,1,3,0
506,4,12,7,1
253,2,0,0,0
40,3,9,0,0
652,8,3,6,1
295,3,1,2,0
63,1,6,0,0
500,5,8,7,1
32,0,2,1,0
86,0,0,1,0
211,1,9,0,0
132,6,14,7,1
199,2,2,0,0
197,1,1,4,0
130,2,0,2,0
230,2,1,1,0
65,6,16,10,1
126,1,2,1,0
162,4,25,6,1
207,0,2,0,0
482,3,16,6,1
428,3,25,0,1
292,0,0,5,0
753,4,0,2,1
308,1,3,6,0
340,1,3,6,0
132,0,1,0,0
361,0,3,0,0
198,3,3,2,0
54,1,6,0,0
274,4,0,2,0
253,3,18,7,1
366,0,5,0,0
188,2,24,8,1
170,5,1,0,0
716,0,2,6,1
273,2,2,5,0
66,2,29,3,1
651,10,1,9,1
144,0,8,2,0
30,1,2,2,0
205,4,3,3,1
171,4,1,6,1
238,0,2,2,0
287,2,0,0,0
218,1,1,1,0
637,2,27,6,1
200,0,0,2,0
131,2,6,6,1
333,7,14,7,1
569,10,30,8,1
184,4,1,2,0
238,1,0,0,0
212,9,6,8,1
425,0,2,1,0
699,4,11,10,1
260,1,1,0,0
266,1,1,0,0
392,7,10,2,1
45,1,2,1,0
443,0,3,1,0
475,7,15,10,1
192,0,17,7,1
21,0,1,1,0
965,1,11,6,1
322,4,7,1,1
164,10,12,9,1
209,1,2,0,0
93,4,0,6,0
284,1,3,2,0
25,0,2,0,0
184,8,2,6,1
929,7,19,1,1
714,3,5,4,1
284,2,3,1,0
224,0,3,2,0
602,10,30,5,1
64,9,21,5,1
123,9,2,6,1
217,1,2,1,0
216,2,3,2,0
366,6,12,8,1
70,2,3,0,0
198,9,6,10,1
206,1,1,2,0
186,6,7,7,1
682,3,13,10,1
83,2,23,3,1
68,0,1,2,0
193,2,3,1,0
56,0,3,2,0
241,4,5,6,1
385,2,1,2,0
167,3,4,4,1
178,3,20,3,1
67,1,0,4,0
173,2,18,6,1
289,0,0,0,0
188,1,3,0,0
53,0,2,4,0
638,6,21,1,1
194,2,1,0,0
524,2,11,4,1
579,9,17,7,1
530,10,21,7,1
205,0,1,2,0
74,2,0,8,1
445,0,3,2,0
730,3,17,10,1
129,1,1,2,0
162,1,1,3,0
166,0,22,7,1
261,0,0,4,0
116,9,28,9,1
238,1,7,2,0
43,1,1,0,0
333,2,2,4,0
240,4,0,1,1
188,1,0,2,0
26,1,2,3,0
219,0,0,0,0
153,2,4,0,0
290,0,3,6,0
149,5,21,9,1
229,1,3,2,0
532,9,15,10,1
403,3,4,4,1
761,3,8,4,1
49,0,0,0,0
199,2,22,4,1
644,2,16,2,1
901,3,28,6,1
95,5,3,7,1
80,10,25,7,1
891,9,28,0,1
63,1,2,0,0
129,3,30,1,1
911,3,17,4,1
534,7,21,6,1
911,3,18,8,1
819,8,14,7,1
122,8,12,8,1
260,2,7,1,0
28,4,0,0,0
894,4,11,2,1
128,5,4,3,1
169,2,3,3,0
269,2,3,2,0
652,5,3,3,1
257,4,3,1,0
84,1,14,10,1
257,2,2,2,0
469,4,3,5,1
717,1,2,2,1
602,8,28,6,1
420,0,11,4,1
204,3,1,2,0
237,0,7,2,0
352,2,0,5,0
40,4,3,0,0
190,3,3,2,0
218,1,2,2,0
540,7,28,10,1
714,2,16,9,1
596,1,3,5,1
701,4,7,7,1
167,0,8,1,0
288,7,18,3,1
250,2,8,1,0
832,4,16,1,1
151,2,1,0,0
183,5,2,0,0
37,0,1,2,0
292,7,3,10,1
474,9,19,7,1
124,9,7,6,1
632,0,24,4,1
189,2,3,1,0
260,0,3,5,0
979,5,1,7,1
420,3,20,1,1
508,10,25,5,1
479,1,0,1,0
832,1,5,3,1
424,10,1,7,1
685,3,24,10,1
270,1,3,4,0
217,0,9,2,0
551,3,29,6,1
205,7,13,7,1
283,0,2,1,0
31,5,1,6,0
347,9,8,0,1
734,5,20,5,1
159,3,0,2,0
266,1,3,0,0
98,0,8,1,0
463,1,3,1,0
751,6,1,9,1
422,5,1,0,0
182,0,1,1,0
429,1,3,4,0
995,10,7,9,1
350,6,1,7,1
991,5,26,3,1
141,9,5,1,1
37,1,9,1,0
273,2,10,2,0
531,0,6,3,1
759,8,11,8,1
491,3,2,2,0
546,4,7,4,1
190,9,18,8,1
260,1,1,1,0
73,1,1,2,0
364,10,24,8,1
245,0,2,3,0
156,2,4,8,1
169,0,0,2,0
470,1,18,9,1
999,6,11,6,1
735,7,30,1,1
207,0,0,2,0
179,2,20,0,1
200,2,2,5,0
107,3,29,10,1
233,5,1,2,0
98,5,14,5,1
45,0,0,5,0
303,8,23,8,1
325,9,11,5,1
167,3,29,3,1
159,2,2,1,0
81,5,23,3,1
212,0,4,0,0
617,2,14,6,1
195,0,0,1,0
633,1,19,2,1
638,10,20,2,1
382,5,4,9,1
200,0,0,2,0
246,2,2,2,0
735,7,28,4,1
325,1,0,2,0
230,1,2,2,0
69,3,29,3,1
749,1,4,3,1
133,0,20,6,1
225,2,1,2,0
453,1,7,0,1
278,5,2,0,0
270,4,1,1,0
442,3,28,10,1
240,0,0,2,0
880,8,24,10,1
217,1,22,4,1
878,7,25,3,1
107,1,0,2,0
242,1,1,4,0
111,1,3,1,0
880,1,17,7,1
151,0,4,2,0
375,3,23,9,1
83,10,23,10,1
165,5,23,0,1
161,2,1,1,0
54,2,0,0,0
433,4,3,10,1
357,9,16,1,1
257,1,1,2,0
21,1,7,3,0
242,2,3,0,0
318,7,26,5,1
91,0,3,0,0
202,2,0,0,0
469,0,10,3,1
221,1,4,1,0
153,5,10,0,0
35,2,2,5,0
62,0,10,2,0
108,1,2,0,0
141,10,29,5,1
29,1,1,1,0
73,0,0,0,0
795,5,14,1,1
78,2,3,2,0
418,7,20,3,1
170,10,26,6,1
248,4,10,1,0
649,1,19,10,1
703,4,6,10,1
292,1,2,1,0
76,9,14,10,1
261,2,0,2,0
101,0,1,6,0
83,10,5,4,1
30,5,3,1,0
322,9,2,10,1
170,6,25,1,1
127,9,17,8,1
186,2,2,2,0
276,8,14,6,1
213,0,1,5,1
558,6,0,10,1
267,5,2,1,0
650,6,17,9,1
284,9,26,6,1
157,1,2,0,0
153,1,8,2,0
138,2,28,7,1
997,0,6,6,1
375,2,0,2,0
438,1,3,5,0
553,3,9,10,1
30,0,1,1,0
567,3,1,9,1
122,2,3,2,0
183,0,2,0,0
884,4,5,8,1
732,0,5,7,1
324,0,8,3,0
493,3,0,2,0
173,2,3,0,0
614,0,0,3,1
305,2,6,10,1
247,2,3,2,0
257,2,1,0,0
177,10,11,7,1
219,1,8,0,0
285,2,3,1,0
178,2,1,2,0
205,1,0,5,0
269,1,8,0,0
154,9,25,10,1
271,4,1,0,0
850,6,4,3,1
198,2,2,0,0
284,2,6,1,0
172,3,2,2,0
735,7,16,2,1
215,2,0,4,0
158,9,25,9,1
694,2,16,7,1
85,4,16,10,1
237,1,0,1,0
140,1,3,4,0
717,8,22,7,1
286,0,3,2,0
198,1,3,0,0
213,2,3,3,0
53,2,2,2,0
153,8,6,6,1
170,2,16,5,1
395,5,3,10,1
616,3,8,7,1
716,3,28,1,1
234,1,3,1,0
34,0,0,2,0
358,0,21,6,1
126,1,3,0,0
139,5,0,1,0
351,2,23,0,1
926,3,22,5,1
141,1,2,1,0
213,2,9,1,0
254,1,0,2,0
128,1,24,1,1
540,8,0,8,1
358,1,17,1,1
994,9,20,1,1
107,4,18,8,1
265,0,4,3,0
503,5,20,6,1
880,5,22,5,1
124,2,29,5,1
144,1,4,0,0
523,10,19,10,1
734,3,22,8,1
56,1,2,2,0
855,7,22,4,1
387,1,3,0,0
433,1,2,2,0
83,0,3,2,0
62,2,27,8,1
59,0,1,2,0
935,5,18,9,1
226,5,8,2,0
93,2,1,2,0
881,2,15,6,1
54,2,1,1,0
106,10,11,10,1
149,2,0,0,0
149,3,30,2,1
740,9,17,3,1
284,2,3,4,0
582,9,9,3,1
451,1,2,1,0
174,0,3,6,0
277,2,0,5,0
139,5,11,5,1
288,2,2,2,0
66,3,18,8,1
329,1,2,1,0
889,9,11,6,1
163,0,10,2,0
143,0,5,8,1
61,3,0,6,1
156,1,0,1,0
206,4,20,6,1
505,10,3,6,1
106,1,0,2,0
239,1,0,3,0
714,4,20,9,1
949,8,19,9,1
770,0,15,7,1
82,5,2,2,0
275,2,26,7,1
689,10,27,9,1
259,7,0,5,1
346,0,2,9,1
647,2,11,1,1
115,2,6,0,1
341,6,28,6,1
331,2,2,4,0
184,9,28,7,1
193,2,2,1,0
210,4,0,1,0
130,2,11,3,1
82,5,30,8,1
75,0,2,1,0
706,0,17,6,1
370,0,2,2,0
132,1,2,1,0
277,1,6,4,1
167,2,0,1,0
37,0,2,1,0
121,7,29,3,1
222,4,3,2,0
435,2,0,1,0
572,0,5,5,1
46,1,5,1,0
90,2,21,6,1
142,0,0,1,0
96,2,0,5,0
300,9,4,6,1
256,0,1,2,0
278,2,7,7,1
255,10,7,10,1
147,4,6,3,1
454,4,15,2,1
376,8,19,8,1
994,8,16,0,1
195,2,5,0,1
126,0,1,2,0
326,1,2,0,0
130,0,0,0,0
546,10,10,3,1
243,2,2,4,0
131,1,2,4,0
98,6,3,6,1
704,5,30,2,1
487,2,0,0,0
102,1,1,1,0
277,1,2,4,0
836,3,6,3,1
140,3,24,8,1
72,2,19,4,1
197,2,3,1,0
66,2,0,6,0
529,3,0,8,1
119,4,4,3,1
427,3,3,0,0
78,0,7,1,0
260,5,2,2,0
109,3,2,0,1
262,0,3,0,0
468,7,20,0,1
860,3,23,5,1
116,1,11,0,1
429,2,24,6,1
948,8,2,8,1
273,2,26,6,1
52,1,1,2,0
226,0,3,0,0
193,1,3,1,0
176,8,24,1,1
388,7,24,2,1
168,3,18,7,1
209,0,2,2,0
916,6,22,7,1
519,6,5,10,1
705,2,5,10,1
274,1,3,1,0
284,9,26,0,1
745,2,5,7,1
163,3,1,4,0
159,1,1,1,0
102,4,27,10,1
956,6,5,7,1
81,1,8,0,0
89,2,1,0,0
364,10,11,1,1
842,2,23,0,1
796,3,25,2,1
64,0,2,0,0
661,4,21,4,1
523,7,18,7,1
207,2,9,2,0
79,4,20,3,1
96,0,3,1,0
142,2,10,3,1
682,4,16,3,1
767,5,4,6,1
66,1,10,2,0
287,1,8,2,0
51,2,1,0,0
193,6,1,8,1
240,1,1,1,0
724,5,3,5,1
111,2,7,3,1
44,0,0,2,0
177,2,13,8,1
246,0,1,2,0
327,9,11,9,1
490,0,1,6,0
489,5,28,0,1
637,5,8,10,1
545,4,4,8,1
926,0,20,8,1
722,10,17,1,1
139,0,3,1,0
25,2,0,2,0
236,8,19,7,1
402,2,3,2,0
357,6,15,7,1
106,1,1,0,0
78,8,17,10,1
167,0,9,1,0
73,2,2,0,0
268,0,2,2,0
133,2,1,0,1
32,1,2,0,0
294,5,2,1,0
394,3,4,3,1
408,2,21,0,1
29,0,2,0,0
372,1,2,2,0
640,5,4,5,1
615,9,7,6,1
210,2,1,0,0
505,4,25,6,1
839,2,7,9,1
375,5,24,1,1
106,0,1,3,0
157,2,24,6,1
718,7,26,3,1
848,8,0,3,1
130,1,2,2,0
31,0,8,4,0
360,2,1,5,0
396,4,16,4,1
726,2,22,4,1
419,1,2,0,0
396,1,15,0,1
283,1,1,1,0
80,0,2,6,0
898,9,8,4,1
203,2,2,0,0
48,5,9,1,0
88,4,0,1,0
37,2,2,0,0
455,1,3,0,0
321,6,23,8,1
224,1,3,2,0
258,0,2,2,0
242,0,1,1,0
241,2,3,1,0
23,0,1,1,0
297,1,8,2,0
560,9,11,0,1
540,6,8,8,1
256,6,7,2,1
220,2,2,1,0
181,2,2,0,0
727,2,1,10,1
247,0,2,5,0
65,1,2,1,0
873,2,16,7,1
818,6,7,0,1
270,2,5,2,1
278,2,3,0,0
224,2,3,2,0
387,3,19,3,1
60,0,9,4,0
88,3,2,2,0
984,6,20,4,1
50,0,1,2,0
735,10,29,1,1
360,3,0,1,0
429,2,1,4,0
589,3,24,5,1
232,0,4,8,1
191,1,0,2,0
59,0,20,7,1
188,0,0,1,0
858,10,30,6,1
487,5,3,2,0
149,1,0,0,0
188,2,1,2,0
114,4,6,7,1
192,7,17,9,1
178,0,9,6,0
840,1,16,5,1
132,3,8,5,1
232,1,2,2,0
653,6,21,2,1
103,1,2,1,0
163,0,0,2,0
229,2,3,0,0
405,9,1,4,1
262,2,2,2,0
938,9,6,3,1
776,10,9,3,1
91,2,2,2,0
345,0,1,1,0
615,9,12,4,1
130,2,0,0,0
567,1,16,4,1
418,0,2,2,0
105,1,3,5,0
139,1,0,3,0
114,1,20,3,1
113,0,2,4,0
270,2,1,1,0
115,6,20,3,1
172,3,1,1,0
309,2,26,7,1
176,4,5,5,1
196,0,1,2,0
119,0,2,0,0
90,7,17,8,1
464,5,0,2,0
120,5,2,1,0
172,2,0,1,0
295,0,2,1,0
57,2,0,4,0
165,1,10,1,0
994,2,10,6,1
286,3,23,3,1
169,1,0,6,0
432,2,2,4,0
137,3,3,2,0
506,10,9,10,1
388,1,9,8,1
54,5,12,7,1
257,3,1,1,0
923,6,19,9,1
153,1,2,0,0
378,2,2,1,0
292,2,0,5,0
608,4,29,2,1
876,7,0,8,1
259,2,7,7,1
56,9,11,8,1
833,1,19,7,1
132,5,3,1,0
183,8,13,9,1
223,2,0,0,0
127,0,3,6,0
299,5,27,10,1
283,0,0,1,0
575,5,27,4,1
800,3,15,3,1
253,1,0,2,0
680,4,8,0,1
81,10,22,8,1
364,6,20,3,1
925,3,23,2,1
888,2,10,0,1
148,2,9,5,1
206,0,0,0,0
153,4,1,1,0
212,5,2,0,0
126,2,1,2,0
24,4,0,5,0
260,1,2,2,0
173,1,7,2,1
736,3,3,9,1
158,2,1,2,0
96,2,0,1,0
190,2,0,1,0
395,1,3,4,0
57,1,1,2,0
233,4,8,2,0
167,2,3,4,0
268,0,2,1,0
217,2,10,0,0
269,0,15,5,1
822,2,10,8,1
958,7,26,7,1
196,1,1,2,0
694,7,25,10,1
765,1,26,10,1
113,6,18,3,1
217,0,0,1,0
275,1,5,0,0
144,0,0,9,1
127,0,4,0,0
293,1,2,1,0
984,4,17,9,1
438,2,3,2,0
89,4,2,2,0
318,2,3,0,0
162,5,23,8,1
79,4,25,6,1
65,3,2,7,1
160,1,2,2,0
584,9,12,1,1
87,10,9,8,1
210,3,5,9,1
101,0,1,1,0
196,1,0,6,0
97,2,3,0,0
82,10,8,0,1
194,2,3,3,0
759,5,2,5,1
197,6,14,4,1
181,2,1,2,0
373,4,1,3,0
390,6,23,3,1
299,0,2,0,0
824,2,4,3,1
221,1,5,2,0
179,4,1,2,0
785,4,22,6,1
727,8,11,8,1
195,2,3,0,0
208,2,0,2,0
344,0,3,1,0
316,3,0,7,1
31,0,2,5,0
980,2,9,9,1
159,5,1,2,0
73,2,4,1,0
142,9,8,8,1
80,2,3,0,0
250,10,29,5,1
612,8,28,9,1
806,7,19,3,1
267,1,4,1,0
663,6,22,9,1
510,4,24,9,1
236,0,2,0,0
863,10,0,7,1
128,4,2,5,0
541,7,1,3,1
799,7,28,5,1
349,10,25,6,1
482,2,0,2,0
789,0,14,0,1
51,0,2,2,0
39,0,0,1,0
252,0,0,1,0
228,0,1,2,0
161,6,22,3,1
183,4,2,3,0
79,1,3,3,0
323,3,25,3,1
64,2,0,5,0
241,2,2,2,0
496,2,3,0,0
221,1,2,2,0
303,4,0,1,0
150,1,10,1,0
233,5,0,0,0
480,4,28,9,1
193,0,0,2,0
99,0,1,1,0
71,1,24,9,1
375,3,3,3,1
184,10,24,9,1
409,0,3,3,0
277,2,1,2,0
870,7,1,10,1
166,2,7,1,0
933,8,0,3,1
74,1,0,2,0
65,2,8,0,0
636,7,21,7,1
216,0,8,2,0
269,1,3,3,0
34,1,1,1,0
89,4,26,4,1
49,0,3,2,0
786,8,9,0,1
188,1,1,1,0
830,5,29,5,1
112,2,5,0,0
632,5,29,5,1
92,1,1,1,0
60,3,25,9,1
139,1,0,1,0
120,3,20,4,1
26,1,2,1,0
121,6,20,9,1
69,0,3,1,0
447,6,21,9,1
183,9,5,9,1
743,7,19,5,1
114,0,0,0,0
217,2,3,2,0
193,1,1,1,0
92,1,3,1,0
83,1,0,0,0
68,0,0,2,0
112,3,13,7,1
62,10,1,9,1
935,5,28,5,1
333,10,7,10,1
272,0,1,2,0
560,1,3,8,1
183,3,30,0,1
273,2,3,1,0
131,10,16,7,1
446,0,4,2,0
768,5,18,3,1
446,6,7,9,1
119,10,13,5,1
73,9,5,0,1
311,2,23,9,1
226,0,2,2,0
80,2,3,0,0
360,2,27,8,1
133,3,20,1,1
176,0,2,0,0
641,1,8,7,1
665,2,23,0,1
107,2,2,6,0
91,3,3,0,0
141,2,3,0,0
60,4,0,0,0
202,2,3,0,0
121,0,17,4,1
131,0,2,0,0
670,2,13,10,1
225,3,2,1,0
180,5,7,10,1
95,6,8,7,1
310,0,2,8,1
247,2,0,0,0
856,10,13,0,1
642,5,6,6,1
45,2,3,2,0
120,5,15,5,1
288,10,21,3,1
166,0,9,0,0
414,5,2,7,1
345,2,8,6,1
195,1,0,0,0
138,5,2,1,0
129,3,14,3,1
267,0,3,6,0
48,0,0,1,0
103,1,3,1,0
316,3,3,5,1
271,2,2,0,0
165,3,4,0,0
154,7,21,8,1
119,8,24,8,1
65,3,2,1,0
205,0,0,2,0
185,0,3,0,0
752,6,24,3,1
719,9,2,8,1
988,3,14,4,1
108,4,16,9,1
865,5,7,3,1
849,2,8,1,1
127,2,10,1,0
715,6,26,5,1
160,3,2,9,1
350,8,29,6,1
184,2,0,6,0
601,5,14,0,1
414,3,26,10,1
286,1,10,2,0
780,3,7,8,1
189,0,2,6,0
778,3,10,3,1
170,6,27,7,1
223,0,6,0,0
51,5,7,2,0
182,2,5,4,0
750,3,18,3,1
410,5,0,10,1
47,1,8,1,0
154,3,27,0,1
301,1,21,3,1
66,0,1,0,0
442,1,3,1,0
112,1,0,6,0
153,5,2,6,1
468,1,4,1,0
117,1,3,2,0
119,1,11,5,1
336,3,3,4,0
792,2,18,3,1
349,7,4,1,1
198,3,22,10,1
140,0,3,2,0
414,8,11,10,1
452,6,12,6,1
249,7,6,3,1
183,2,0,1,0
67,7,22,9,1
368,2,26,9,1
59,2,13,9,1
110,1,18,9,1
232,0,0,1,0
269,2,0,5,0
579,3,9,7,1
60,2,3,2,0
272,1,0,0,0
165,2,3,5,0
511,3,15,10,1
190,3,26,2,1
298,0,1,1,0
245,2,1,2,0
101,1,14,6,1
258,5,9,2,0
219,4,0,2,0
32,1,3,1,0
113,2,9,2,0
158,2,2,1,0
498,10,17,7,1
242,1,1,3,0
777,5,0,7,1
490,5,7,7,1
900,9,6,6,1
193,0,0,2,0
122,1,1,1,0
171,1,0,1,0
180,1,4,1,0
129,6,20,1,1
62,2,3,0,0
171,6,14,10,1
794,4,1,0,1
287,4,2,0,0
335,4,21,9,1
133,4,23,3,1
132,2,2,0,0
730,0,19,8,1
381,5,3,2,0
774,2,14,7,1
181,1,3,0,0
293,1,3,0,0
175,1,3,1,0
933,6,14,9,1
206,0,2,2,0
103,3,23,4,1
252,2,2,2,0
431,1,18,10,1
543,1,4,10,1
54,0,3,1,0
288,1,2,4,0
941,5,16,4,1
879,5,7,8,1
202,1,5,3,0
269,3,0,2,0
946,7,16,10,1
286,1,1,0,0
259,1,7,2,0
233,0,3,2,0
732,10,18,8,1
900,2,2,1,1
76,1,2,0,0
193,2,0,0,0
996,4,19,3,1
290,0,0,2,0
676,4,9,4,1
39,2,1,0,0
119,0,3,1,0
240,1,1,1,0
203,0,2,6,0
910,7,24,4,1
280,2,2,2,0
125,1,27,4,1
137,2,16,8,1
240,0,2,1,0
80,3,1,0,0
176,2,1,2,0
930,4,13,3,1
156,1,9,1,0
698,8,14,0,1
231,1,3,6,0
82,0,24,6,1
172,2,8,4,0
471,2,9,6,1
492,10,5,3,1
135,3,17,9,1
453,1,0,1,0
739,2,23,10,1
159,4,3,0,0
269,0,7,0,0
131,0,10,4,1
151,1,3,6,0
50,2,6,8,1
972,8,1,8,1
604,5,23,8,1
122,9,5,9,1
553,4,25,4,1
90,0,2,2,0
218,2,3,1,0
81,10,0,8,1
225,4,10,2,0
77,2,0,0,0
128,0,0,0,0
999,3,2,9,1
294,2,3,5,0
305,1,5,7,1
710,2,6,7,1
98,8,16,2,1
614,9,19,7,1
452,10,3,4,1
180,2,5,8,1
574,7,0,10,1
779,0,6,2,1
472,2,1,2,0
263,2,3,0,0
71,6,14,5,1
291,1,1,2,0
161,3,26,8,1
163,2,3,2,0
317,0,1,1,0
354,5,6,4,1
122,4,0,4,0
97,1,2,0,0
233,1,0,1,0
38,1,3,2,0
959,5,21,5,1
538,3,20,5,1
286,2,1,2,0
302,2,1,0,0
528,7,5,8,1
74,0,1,1,0
633,8,19,7,1
717,5,30,4,1
973,5,21,8,1
359,0,0,0,1
457,6,26,10,1
89,2,2,2,0
283,2,0,1,0
151,4,10,1,0
626,7,4,4,1
73,8,11,9,1
270,1,3,0,0
595,3,30,6,1
903,5,5,3,1
900,3,13,3,1
216,1,0,1,0
85,9,7,3,1
317,3,24,3,1
250,1,4,1,0
392,6,28,9,1
208,7,14,10,1
441,7,27,1,1
50,10,4,6,1
101,1,2,2,0
138,6,13,5,1
50,0,3,4,1
46,1,3,6,0
36,2,1,3,0
764,6,14,10,1
314,2,8,0,0
488,8,20,1,1
644,2,23,6,1
515,3,14,10,1
192,1,1,1,0
238,2,2,1,0
182,9,27,0,1
91,3,0,2,0
152,2,1,2,0
102,2,0,2,0
161,5,27,6,1
202,1,1,2,0
92,2,5,1,1
63,6,9,8,1
49,2,3,2,0
204,1,8,2,0
107,2,2,1,0
198,5,27,0,1
232,6,29,9,1
927,1,21,5,1
416,2,0,4,0
83,1,1,0,0
115,1,3,1,0
384,1,12,6,1
108,10,20,5,1
121,0,9,6,0
70,5,13,6,1
154,5,0,2,0
189,0,2,0,0
177,4,22,2,1
721,4,21,9,1
839,1,27,10,1
76,3,5,9,1
269,0,1,2,0
145,1,3,0,0
107,6,14,3,1
395,10,13,3,1
248,3,19,6,1
951,0,14,5,1
170,2,1,2,0
78,6,5,10,1
40,2,1,1,0
845,9,28,5,1
88,2,2,0,0
66,0,0,1,0
58,9,6,4,1
383,10,10,1,1
165,1,0,0,0
127,2,0,4,0
58,0,2,2,0
76,3,19,7,1
58,2,2,6,0
104,1,10,0,0
181,8,6,6,1
125,1,3,2,0
155,5,9,2,0
871,8,5,4,1
205,0,2,1,0
432,9,29,10,1
203,2,2,5,0
38,2,0,6,0
29,1,2,1,0
44,2,2,0,0
127,3,24,5,1
122,5,3,3,1
289,1,2,0,0
22,1,1,2,0
196,4,2,3,0
282,4,26,6,1
699,2,24,5,1
184,6,13,3,1
730,8,20,4,1
167,0,0,1,0
164,2,4,2,0
162,2,1,1,0
163,2,0,0,0
210,0,10,0,0
192,9,5,10,1
294,0,2,1,0
933,3,29,4,1
452,5,24,3,1
105,1,2,2,0
306,0,26,10,1
178,1,2,2,0
848,2,1,4,1
460,2,13,8,1
447,10,5,4,1
240,1,2,1,0
928,9,5,4,1
461,1,2,0,0
327,0,3,0,0
76,4,0,2,0
362,8,23,8,1
184,9,6,3,1
208,0,0,0,0
